<service>
	<parameter name="ServiceClass" 
          locked="false">service.AccountService</parameter>
	<operation name="checkAccount">
		<messageReceiver class="org.apache.axis2.rpc.receivers.RPCMessageReceiver"/>
	</operation>    

	<operation name="checkAccountBalance">
		<messageReceiver class="org.apache.axis2.rpc.receivers.RPCMessageReceiver"/>
	</operation> 
	
	<operation name="createAccount">
		<messageReceiver class="org.apache.axis2.rpc.receivers.RPCMessageReceiver"/>
	</operation> 

	<operation name="creditAccount">
		<messageReceiver class="org.apache.axis2.rpc.receivers.RPCMessageReceiver"/>
	</operation> 

	<operation name="checkAccount">
		<messageReceiver class="org.apache.axis2.rpc.receivers.RPCMessageReceiver"/>
	</operation> 


</service>
